attributes,category_extraction_fns,threshold,weights,n_clusters_options,true_positives,false_positives,false_negatives,precision,recall,f1,jaccard_index,fbeta
"['header', 'concept_name', 'concept_definition', 'concept_subject']",concept name,0.2,"[1, 1, 1, 1, 1]",[40],43,121,99,0.262195121951219,0.30281690140845,0.28104575163398604,0.155797101449275,0.2694235588972431
"['header', 'concept_name', 'concept_definition', 'concept_subject']",concept name,0.2,"[1, 1, 1, 1, 1]",[60],47,117,95,0.286585365853658,0.33098591549295703,0.30718954248366004,0.17279411764705802,0.29448621553884713
"['header', 'concept_name', 'concept_definition', 'concept_subject']",concept name,0.2,"[1, 1, 1, 1, 1]",[100],50,113,92,0.30674846625766805,0.352112676056338,0.32786885245901604,0.18587360594795502,0.3148614609571788
"['header', 'concept_name', 'concept_definition', 'concept_subject']",concept name,0.2,"[2, 1, 1, 1, 1]",[60],33,131,109,0.20121951219512102,0.232394366197183,0.21568627450980302,0.115384615384615,0.20676691729323307
"['header', 'concept_name', 'concept_definition', 'concept_subject']",concept name,0.2,"[1, 1, 1, 1, 1]",[80],48,115,94,0.29447852760736204,0.338028169014084,0.31475409836065504,0.17712177121771203,0.3022670025188917
"['header', 'concept_name', 'concept_definition', 'concept_subject']",concept name,0.2,"[2, 1, 1, 1, 1]",[80],36,127,106,0.22085889570552103,0.25352112676056304,0.236065573770491,0.127208480565371,0.22670025188916876
"['header', 'concept_name', 'concept_definition', 'concept_subject']",concept name,0.2,"[2, 1, 1, 1, 1]",[40],33,131,109,0.20121951219512102,0.232394366197183,0.21568627450980302,0.115384615384615,0.20676691729323307
"['header', 'concept_name', 'concept_definition', 'concept_subject']",concept name,0.2,"[1, 1, 1, 1, 1]",[120],52,110,90,0.320987654320987,0.366197183098591,0.342105263157894,0.19475655430711603,0.3291139240506329
"['header', 'concept_name', 'concept_definition', 'concept_subject']",concept name,0.2,"[3, 1, 1, 1, 1]",[60],25,137,117,0.15432098765432,0.176056338028169,0.16447368421052602,0.08503401360544201,0.15822784810126583
"['header', 'concept_name', 'concept_definition', 'concept_subject']",concept name,0.2,"[3, 1, 1, 1, 1]",[40],30,133,112,0.18404907975460102,0.211267605633802,0.19672131147540903,0.10380622837370201,0.1889168765743073
"['header', 'concept_name', 'concept_definition', 'concept_subject']",concept name,0.2,"[2, 1, 1, 1, 1]",[120],46,116,96,0.28395061728395005,0.323943661971831,0.30263157894736803,0.168498168498168,0.2911392405063291
"['header', 'concept_name', 'concept_definition', 'concept_subject']",concept name,0.2,"[2, 1, 1, 1, 1]",[100],43,120,99,0.263803680981595,0.30281690140845,0.28196721311475403,0.155797101449275,0.2707808564231738
"['header', 'concept_name', 'concept_definition', 'concept_subject']",concept name,0.2,"[3, 1, 1, 1, 1]",[120],42,117,100,0.264150943396226,0.29577464788732305,0.27906976744186,0.151624548736462,0.2699228791773779
"['header', 'concept_name', 'concept_definition', 'concept_subject']",concept name,0.2,"[3, 1, 1, 1, 1]",[100],39,122,103,0.24223602484472,0.274647887323943,0.25742574257425704,0.139285714285714,0.2480916030534351
"['header', 'concept_name', 'concept_definition', 'concept_subject']",concept name,0.2,"[4, 1, 1, 1, 1]",[40],27,133,115,0.16875,0.190140845070422,0.17880794701986702,0.092465753424657,0.17263427109974425
"['header', 'concept_name', 'concept_definition', 'concept_subject']",concept name,0.2,"[3, 1, 1, 1, 1]",[80],31,129,111,0.19375,0.218309859154929,0.20529801324503302,0.107638888888888,0.19820971867007672
"['header', 'concept_name', 'concept_definition', 'concept_subject']",concept name,0.2,"[4, 1, 1, 1, 1]",[80],29,129,113,0.18354430379746803,0.204225352112676,0.19333333333333302,0.1,0.18733850129198967
"['header', 'concept_name', 'concept_definition', 'concept_subject']",concept name,0.2,"[4, 1, 1, 1, 1]",[60],23,137,119,0.14375000000000002,0.161971830985915,0.15231788079470202,0.077702702702702,0.14705882352941177
"['header', 'concept_name', 'concept_definition', 'concept_subject']",concept name,0.2,"[5, 1, 1, 1, 1]",[40],26,127,116,0.16993464052287502,0.183098591549295,0.17627118644067702,0.08873720136518701,0.1724137931034483
"['header', 'concept_name', 'concept_definition', 'concept_subject']",concept name,0.2,"[4, 1, 1, 1, 1]",[100],38,121,104,0.238993710691823,0.26760563380281605,0.252491694352159,0.13523131672597802,0.2442159383033419
"['header', 'concept_name', 'concept_definition', 'concept_subject']",concept name,0.2,"[5, 1, 1, 1, 1]",[60],22,131,120,0.14379084967320202,0.154929577464788,0.149152542372881,0.074074074074074,0.14588859416445624
"['header', 'concept_name', 'concept_definition', 'concept_subject']",concept name,0.2,"[5, 1, 1, 1, 1]",[80],28,123,114,0.18543046357615803,0.197183098591549,0.19112627986348102,0.096219931271477,0.1876675603217158
"['header', 'concept_name', 'concept_definition', 'concept_subject']",concept name,0.2,"[4, 1, 1, 1, 1]",[120],40,116,102,0.256410256410256,0.28169014084507005,0.268456375838926,0.14336917562724,0.26109660574412535
"['header', 'concept_name', 'concept_definition', 'concept_subject']",concept name,0.2,"[5, 1, 1, 1, 1]",[100],37,114,105,0.24503311258278102,0.26056338028169,0.25255972696245704,0.13120567375886502,0.2479892761394102
"['header', 'concept_name', 'concept_definition', 'concept_subject']",concept name,0.2,"[6, 1, 1, 1, 1]",[40],26,123,116,0.174496644295302,0.183098591549295,0.17869415807560102,0.08873720136518701,0.17615176151761516
"['header', 'concept_name', 'concept_definition', 'concept_subject']",concept name,0.2,"[5, 1, 1, 1, 1]",[120],39,109,103,0.26351351351351304,0.274647887323943,0.268965517241379,0.139285714285714,0.2656675749318801
"['header', 'concept_name', 'concept_definition', 'concept_subject']",concept name,0.2,"[6, 1, 1, 1, 1]",[100],34,110,108,0.23611111111111102,0.239436619718309,0.237762237762237,0.11929824561403501,0.23676880222841226
"['header', 'concept_name', 'concept_definition', 'concept_subject']",concept name,0.2,"[6, 1, 1, 1, 1]",[60],21,127,121,0.141891891891891,0.147887323943661,0.144827586206896,0.070469798657718,0.14305177111716622
"['header', 'concept_name', 'concept_definition', 'concept_subject']",concept name,0.2,"[6, 1, 1, 1, 1]",[80],26,119,116,0.179310344827586,0.183098591549295,0.18118466898954702,0.08873720136518701,0.18005540166204986
"['header', 'concept_name', 'concept_definition', 'concept_subject']",concept name,0.2,"[6, 1, 1, 1, 1]",[120],36,105,106,0.25531914893617,0.25352112676056304,0.254416961130742,0.127208480565371,0.254957507082153
"['header', 'concept_name', 'concept_definition', 'concept_subject']",concept name,0.4,"[1, 1, 1, 1, 1]",[40],37,61,105,0.377551020408163,0.26056338028169,0.308333333333333,0.13120567375886502,0.3464419475655431
"['header', 'concept_name', 'concept_definition', 'concept_subject']",concept name,0.4,"[1, 1, 1, 1, 1]",[60],39,54,103,0.41935483870967705,0.274647887323943,0.33191489361702103,0.139285714285714,0.37937743190661477
"['header', 'concept_name', 'concept_definition', 'concept_subject']",concept name,0.4,"[1, 1, 1, 1, 1]",[80],39,52,103,0.42857142857142805,0.274647887323943,0.334763948497854,0.139285714285714,0.38537549407114624
"['header', 'concept_name', 'concept_definition', 'concept_subject']",concept name,0.4,"[1, 1, 1, 1, 1]",[100],41,51,101,0.445652173913043,0.288732394366197,0.35042735042735,0.147482014388489,0.4019607843137255
"['header', 'concept_name', 'concept_definition', 'concept_subject']",concept name,0.4,"[2, 1, 1, 1, 1]",[40],24,80,118,0.23076923076923,0.169014084507042,0.195121951219512,0.081355932203389,0.21505376344086022
"['header', 'concept_name', 'concept_definition', 'concept_subject']",concept name,0.4,"[1, 1, 1, 1, 1]",[120],42,50,100,0.45652173913043403,0.29577464788732305,0.35897435897435903,0.151624548736462,0.4117647058823529
"['header', 'concept_name', 'concept_definition', 'concept_subject']",concept name,0.4,"[2, 1, 1, 1, 1]",[60],23,80,119,0.22330097087378603,0.161971830985915,0.18775510204081602,0.077702702702702,0.2075812274368231
"['header', 'concept_name', 'concept_definition', 'concept_subject']",concept name,0.4,"[2, 1, 1, 1, 1]",[80],24,74,118,0.24489795918367302,0.169014084507042,0.2,0.081355932203389,0.2247191011235955
"['header', 'concept_name', 'concept_definition', 'concept_subject']",concept name,0.4,"[2, 1, 1, 1, 1]",[100],26,66,116,0.282608695652173,0.183098591549295,0.22222222222222202,0.08873720136518701,0.2549019607843137
"['header', 'concept_name', 'concept_definition', 'concept_subject']",concept name,0.4,"[2, 1, 1, 1, 1]",[120],28,61,114,0.31460674157303303,0.197183098591549,0.24242424242424201,0.096219931271477,0.28112449799196787
"['header', 'concept_name', 'concept_definition', 'concept_subject']",concept name,0.4,"[3, 1, 1, 1, 1]",[80],11,105,131,0.094827586206896,0.077464788732394,0.085271317829457,0.035714285714285005,0.09075907590759076
"['header', 'concept_name', 'concept_definition', 'concept_subject']",concept name,0.4,"[3, 1, 1, 1, 1]",[100],12,95,130,0.11214953271028001,0.084507042253521,0.09638554216867401,0.039087947882736,0.10526315789473684
"['header', 'concept_name', 'concept_definition', 'concept_subject']",concept name,0.4,"[3, 1, 1, 1, 1]",[40],14,111,128,0.112,0.098591549295774,0.104868913857677,0.045901639344262,0.10903426791277258
"['header', 'concept_name', 'concept_definition', 'concept_subject']",concept name,0.4,"[3, 1, 1, 1, 1]",[120],14,89,128,0.135922330097087,0.098591549295774,0.114285714285714,0.045901639344262,0.1263537906137184
"['header', 'concept_name', 'concept_definition', 'concept_subject']",concept name,0.4,"[3, 1, 1, 1, 1]",[60],10,119,132,0.077519379844961,0.07042253521126701,0.07380073800738,0.032362459546925,0.07598784194528875
"['header', 'concept_name', 'concept_definition', 'concept_subject']",concept name,0.4,"[4, 1, 1, 1, 1]",[40],10,110,132,0.08333333333333301,0.07042253521126701,0.076335877862595,0.032362459546925,0.08038585209003216
"['header', 'concept_name', 'concept_definition', 'concept_subject']",concept name,0.4,"[4, 1, 1, 1, 1]",[60],7,120,135,0.05511811023622001,0.049295774647887,0.052044609665427004,0.022435897435897002,0.05384615384615385
"['header', 'concept_name', 'concept_definition', 'concept_subject']",concept name,0.4,"[4, 1, 1, 1, 1]",[80],8,106,134,0.070175438596491,0.056338028169014,0.0625,0.02572347266881,0.06688963210702341
"['header', 'concept_name', 'concept_definition', 'concept_subject']",concept name,0.4,"[5, 1, 1, 1, 1]",[40],7,110,135,0.059829059829059006,0.049295774647887,0.054054054054054,0.022435897435897002,0.05737704918032787
"['header', 'concept_name', 'concept_definition', 'concept_subject']",concept name,0.4,"[4, 1, 1, 1, 1]",[100],10,95,132,0.09523809523809501,0.07042253521126701,0.08097165991902801,0.032362459546925,0.08896797153024912
"['header', 'concept_name', 'concept_definition', 'concept_subject']",concept name,0.4,"[4, 1, 1, 1, 1]",[120],10,87,132,0.10309278350515401,0.07042253521126701,0.0836820083682,0.032362459546925,0.09433962264150944
"['header', 'concept_name', 'concept_definition', 'concept_subject']",concept name,0.4,"[5, 1, 1, 1, 1]",[60],5,120,137,0.04,0.035211267605633,0.037453183520599,0.01592356687898,0.03894080996884735
"['header', 'concept_name', 'concept_definition', 'concept_subject']",concept name,0.4,"[5, 1, 1, 1, 1]",[80],6,106,136,0.053571428571428006,0.04225352112676,0.047244094488188004,0.019169329073482,0.05084745762711865
"['header', 'concept_name', 'concept_definition', 'concept_subject']",concept name,0.4,"[5, 1, 1, 1, 1]",[120],6,86,136,0.065217391304347,0.04225352112676,0.051282051282051,0.019169329073482,0.058823529411764705
"['header', 'concept_name', 'concept_definition', 'concept_subject']",concept name,0.4,"[6, 1, 1, 1, 1]",[40],7,110,135,0.059829059829059006,0.049295774647887,0.054054054054054,0.022435897435897002,0.05737704918032787
"['header', 'concept_name', 'concept_definition', 'concept_subject']",concept name,0.4,"[5, 1, 1, 1, 1]",[100],6,95,136,0.05940594059405901,0.04225352112676,0.049382716049382006,0.019169329073482,0.054945054945054944
"['header', 'concept_name', 'concept_definition', 'concept_subject']",concept name,0.4,"[6, 1, 1, 1, 1]",[60],5,120,137,0.04,0.035211267605633,0.037453183520599,0.01592356687898,0.03894080996884735
"['header', 'concept_name', 'concept_definition', 'concept_subject']",concept name,0.4,"[6, 1, 1, 1, 1]",[80],6,106,136,0.053571428571428006,0.04225352112676,0.047244094488188004,0.019169329073482,0.05084745762711865
"['header', 'concept_name', 'concept_definition', 'concept_subject']",concept name,0.4,"[6, 1, 1, 1, 1]",[100],6,95,136,0.05940594059405901,0.04225352112676,0.049382716049382006,0.019169329073482,0.054945054945054944
"['header', 'concept_name', 'concept_definition', 'concept_subject']",concept name,0.4,"[6, 1, 1, 1, 1]",[120],6,86,136,0.065217391304347,0.04225352112676,0.051282051282051,0.019169329073482,0.058823529411764705
"['header', 'concept_name', 'concept_definition', 'concept_subject']",concept name,0.6000000000000001,"[1, 1, 1, 1, 1]",[60],11,8,131,0.5789473684210521,0.077464788732394,0.136645962732919,0.035714285714285005,0.25229357798165136
"['header', 'concept_name', 'concept_definition', 'concept_subject']",concept name,0.6000000000000001,"[1, 1, 1, 1, 1]",[80],11,8,131,0.5789473684210521,0.077464788732394,0.136645962732919,0.035714285714285005,0.25229357798165136
"['header', 'concept_name', 'concept_definition', 'concept_subject']",concept name,0.6000000000000001,"[1, 1, 1, 1, 1]",[40],11,8,131,0.5789473684210521,0.077464788732394,0.136645962732919,0.035714285714285005,0.25229357798165136
"['header', 'concept_name', 'concept_definition', 'concept_subject']",concept name,0.6000000000000001,"[1, 1, 1, 1, 1]",[100],11,6,131,0.647058823529411,0.077464788732394,0.138364779874213,0.035714285714285005,0.2619047619047619
"['header', 'concept_name', 'concept_definition', 'concept_subject']",concept name,0.6000000000000001,"[2, 1, 1, 1, 1]",[40],6,20,136,0.23076923076923,0.04225352112676,0.07142857142857101,0.019169329073482,0.12195121951219512
"['header', 'concept_name', 'concept_definition', 'concept_subject']",concept name,0.6000000000000001,"[1, 1, 1, 1, 1]",[120],12,5,130,0.7058823529411761,0.084507042253521,0.150943396226415,0.039087947882736,0.2857142857142857
"['header', 'concept_name', 'concept_definition', 'concept_subject']",concept name,0.6000000000000001,"[2, 1, 1, 1, 1]",[60],4,19,138,0.17391304347826,0.028169014084507,0.048484848484848006,0.012698412698412001,0.08547008547008547
"['header', 'concept_name', 'concept_definition', 'concept_subject']",concept name,0.6000000000000001,"[2, 1, 1, 1, 1]",[80],5,18,137,0.21739130434782603,0.035211267605633,0.060606060606060004,0.01592356687898,0.10683760683760683
"['header', 'concept_name', 'concept_definition', 'concept_subject']",concept name,0.6000000000000001,"[2, 1, 1, 1, 1]",[100],5,13,137,0.277777777777777,0.035211267605633,0.0625,0.01592356687898,0.11682242990654206
"['header', 'concept_name', 'concept_definition', 'concept_subject']",concept name,0.6000000000000001,"[3, 1, 1, 1, 1]",[40],6,34,136,0.15,0.04225352112676,0.065934065934065,0.019169329073482,0.09933774834437085
"['header', 'concept_name', 'concept_definition', 'concept_subject']",concept name,0.6000000000000001,"[2, 1, 1, 1, 1]",[120],5,10,137,0.33333333333333304,0.035211267605633,0.06369426751592301,0.01592356687898,0.12376237623762376
"['header', 'concept_name', 'concept_definition', 'concept_subject']",concept name,0.6000000000000001,"[3, 1, 1, 1, 1]",[60],5,31,137,0.138888888888888,0.035211267605633,0.05617977528089801,0.01592356687898,0.08741258741258741
"['header', 'concept_name', 'concept_definition', 'concept_subject']",concept name,0.6000000000000001,"[3, 1, 1, 1, 1]",[80],5,27,137,0.15625,0.035211267605633,0.05747126436781601,0.01592356687898,0.09259259259259259
"['header', 'concept_name', 'concept_definition', 'concept_subject']",concept name,0.6000000000000001,"[4, 1, 1, 1, 1]",[80],5,50,137,0.09090909090909001,0.035211267605633,0.050761421319796,0.01592356687898,0.06906077348066299
"['header', 'concept_name', 'concept_definition', 'concept_subject']",concept name,0.6000000000000001,"[4, 1, 1, 1, 1]",[60],5,55,137,0.08333333333333301,0.035211267605633,0.049504950495049,0.01592356687898,0.06544502617801047
"['header', 'concept_name', 'concept_definition', 'concept_subject']",concept name,0.6000000000000001,"[3, 1, 1, 1, 1]",[100],5,23,137,0.17857142857142802,0.035211267605633,0.058823529411764004,0.01592356687898,0.0984251968503937
"['header', 'concept_name', 'concept_definition', 'concept_subject']",concept name,0.6000000000000001,"[4, 1, 1, 1, 1]",[40],6,60,136,0.09090909090909001,0.04225352112676,0.057692307692307,0.019169329073482,0.07389162561576355
"['header', 'concept_name', 'concept_definition', 'concept_subject']",concept name,0.6000000000000001,"[3, 1, 1, 1, 1]",[120],5,20,137,0.2,0.035211267605633,0.05988023952095801,0.01592356687898,0.10330578512396695
"['header', 'concept_name', 'concept_definition', 'concept_subject']",concept name,0.6000000000000001,"[4, 1, 1, 1, 1]",[100],5,46,137,0.09803921568627401,0.035211267605633,0.051813471502590004,0.01592356687898,0.07225433526011561
"['header', 'concept_name', 'concept_definition', 'concept_subject']",concept name,0.6000000000000001,"[4, 1, 1, 1, 1]",[120],5,39,137,0.11363636363636301,0.035211267605633,0.053763440860215006,0.01592356687898,0.07861635220125786
"['header', 'concept_name', 'concept_definition', 'concept_subject']",concept name,0.6000000000000001,"[5, 1, 1, 1, 1]",[40],6,75,136,0.074074074074074,0.04225352112676,0.053811659192825004,0.019169329073482,0.06437768240343347
"['header', 'concept_name', 'concept_definition', 'concept_subject']",concept name,0.6000000000000001,"[5, 1, 1, 1, 1]",[80],5,71,137,0.06578947368421001,0.035211267605633,0.045871559633027005,0.01592356687898,0.05605381165919283
"['header', 'concept_name', 'concept_definition', 'concept_subject']",concept name,0.6000000000000001,"[5, 1, 1, 1, 1]",[100],5,63,137,0.07352941176470501,0.035211267605633,0.047619047619047006,0.01592356687898,0.06038647342995169
"['header', 'concept_name', 'concept_definition', 'concept_subject']",concept name,0.6000000000000001,"[5, 1, 1, 1, 1]",[120],5,54,137,0.084745762711864,0.035211267605633,0.049751243781094,0.01592356687898,0.06613756613756613
"['header', 'concept_name', 'concept_definition', 'concept_subject']",concept name,0.6000000000000001,"[6, 1, 1, 1, 1]",[40],6,94,136,0.06,0.04225352112676,0.049586776859504,0.019169329073482,0.055350553505535055
"['header', 'concept_name', 'concept_definition', 'concept_subject']",concept name,0.6000000000000001,"[5, 1, 1, 1, 1]",[60],5,81,137,0.05813953488372001,0.035211267605633,0.043859649122807,0.01592356687898,0.051440329218107
"['header', 'concept_name', 'concept_definition', 'concept_subject']",concept name,0.6000000000000001,"[6, 1, 1, 1, 1]",[60],5,105,137,0.045454545454545005,0.035211267605633,0.039682539682539,0.01592356687898,0.0429553264604811
"['header', 'concept_name', 'concept_definition', 'concept_subject']",concept name,0.6000000000000001,"[6, 1, 1, 1, 1]",[80],5,91,137,0.052083333333333,0.035211267605633,0.042016806722689,0.01592356687898,0.04752851711026616
"['header', 'concept_name', 'concept_definition', 'concept_subject']",concept name,0.6000000000000001,"[6, 1, 1, 1, 1]",[100],5,80,137,0.058823529411764004,0.035211267605633,0.044052863436123,0.01592356687898,0.05186721991701245
"['header', 'concept_name', 'concept_definition', 'concept_subject']",concept name,0.6000000000000001,"[6, 1, 1, 1, 1]",[120],5,71,137,0.06578947368421001,0.035211267605633,0.045871559633027005,0.01592356687898,0.05605381165919283
"['header', 'concept_name', 'concept_definition', 'concept_subject']",concept name,0.8,"[1, 1, 1, 1, 1]",[80],2,2,140,0.5,0.014084507042253001,0.027397260273972,0.0063091482649840006,0.06329113924050633
"['header', 'concept_name', 'concept_definition', 'concept_subject']",concept name,0.8,"[1, 1, 1, 1, 1]",[60],2,2,140,0.5,0.014084507042253001,0.027397260273972,0.0063091482649840006,0.06329113924050633
"['header', 'concept_name', 'concept_definition', 'concept_subject']",concept name,0.8,"[1, 1, 1, 1, 1]",[40],2,1,140,0.6666666666666661,0.014084507042253001,0.027586206896551002,0.0063091482649840006,0.06493506493506493
"['header', 'concept_name', 'concept_definition', 'concept_subject']",concept name,0.8,"[2, 1, 1, 1, 1]",[40],1,1,141,0.5,0.007042253521126001,0.013888888888888002,0.00314465408805,0.03333333333333333
"['header', 'concept_name', 'concept_definition', 'concept_subject']",concept name,0.8,"[1, 1, 1, 1, 1]",[120],2,0,140,1.0,0.014084507042253001,0.027777777777777003,0.0063091482649840006,0.06666666666666667
"['header', 'concept_name', 'concept_definition', 'concept_subject']",concept name,0.8,"[1, 1, 1, 1, 1]",[100],2,2,140,0.5,0.014084507042253001,0.027397260273972,0.0063091482649840006,0.06329113924050633
"['header', 'concept_name', 'concept_definition', 'concept_subject']",concept name,0.8,"[2, 1, 1, 1, 1]",[60],1,2,141,0.33333333333333304,0.007042253521126001,0.013793103448275001,0.00314465408805,0.032467532467532464
"['header', 'concept_name', 'concept_definition', 'concept_subject']",concept name,0.8,"[2, 1, 1, 1, 1]",[80],1,2,141,0.33333333333333304,0.007042253521126001,0.013793103448275001,0.00314465408805,0.032467532467532464
"['header', 'concept_name', 'concept_definition', 'concept_subject']",concept name,0.8,"[2, 1, 1, 1, 1]",[100],1,2,141,0.33333333333333304,0.007042253521126001,0.013793103448275001,0.00314465408805,0.032467532467532464
"['header', 'concept_name', 'concept_definition', 'concept_subject']",concept name,0.8,"[3, 1, 1, 1, 1]",[40],1,1,141,0.5,0.007042253521126001,0.013888888888888002,0.00314465408805,0.03333333333333333
"['header', 'concept_name', 'concept_definition', 'concept_subject']",concept name,0.8,"[2, 1, 1, 1, 1]",[120],1,0,141,1.0,0.007042253521126001,0.013986013986013,0.00314465408805,0.03424657534246575
"['header', 'concept_name', 'concept_definition', 'concept_subject']",concept name,0.8,"[3, 1, 1, 1, 1]",[60],1,2,141,0.33333333333333304,0.007042253521126001,0.013793103448275001,0.00314465408805,0.032467532467532464
"['header', 'concept_name', 'concept_definition', 'concept_subject']",concept name,0.8,"[3, 1, 1, 1, 1]",[100],1,2,141,0.33333333333333304,0.007042253521126001,0.013793103448275001,0.00314465408805,0.032467532467532464
"['header', 'concept_name', 'concept_definition', 'concept_subject']",concept name,0.8,"[3, 1, 1, 1, 1]",[80],1,2,141,0.33333333333333304,0.007042253521126001,0.013793103448275001,0.00314465408805,0.032467532467532464
"['header', 'concept_name', 'concept_definition', 'concept_subject']",concept name,0.8,"[3, 1, 1, 1, 1]",[120],1,0,141,1.0,0.007042253521126001,0.013986013986013,0.00314465408805,0.03424657534246575
"['header', 'concept_name', 'concept_definition', 'concept_subject']",concept name,0.8,"[4, 1, 1, 1, 1]",[40],2,1,140,0.6666666666666661,0.014084507042253001,0.027586206896551002,0.0063091482649840006,0.06493506493506493
"['header', 'concept_name', 'concept_definition', 'concept_subject']",concept name,0.8,"[4, 1, 1, 1, 1]",[60],2,2,140,0.5,0.014084507042253001,0.027397260273972,0.0063091482649840006,0.06329113924050633
"['header', 'concept_name', 'concept_definition', 'concept_subject']",concept name,0.8,"[4, 1, 1, 1, 1]",[80],2,2,140,0.5,0.014084507042253001,0.027397260273972,0.0063091482649840006,0.06329113924050633
"['header', 'concept_name', 'concept_definition', 'concept_subject']",concept name,0.8,"[4, 1, 1, 1, 1]",[100],2,2,140,0.5,0.014084507042253001,0.027397260273972,0.0063091482649840006,0.06329113924050633
"['header', 'concept_name', 'concept_definition', 'concept_subject']",concept name,0.8,"[5, 1, 1, 1, 1]",[40],3,2,139,0.6000000000000001,0.02112676056338,0.040816326530612006,0.009493670886075,0.09259259259259259
"['header', 'concept_name', 'concept_definition', 'concept_subject']",concept name,0.8,"[4, 1, 1, 1, 1]",[120],2,0,140,1.0,0.014084507042253001,0.027777777777777003,0.0063091482649840006,0.06666666666666667
"['header', 'concept_name', 'concept_definition', 'concept_subject']",concept name,0.8,"[5, 1, 1, 1, 1]",[60],3,3,139,0.5,0.02112676056338,0.04054054054054,0.009493670886075,0.09036144578313253
"['header', 'concept_name', 'concept_definition', 'concept_subject']",concept name,0.8,"[5, 1, 1, 1, 1]",[80],3,3,139,0.5,0.02112676056338,0.04054054054054,0.009493670886075,0.09036144578313253
"['header', 'concept_name', 'concept_definition', 'concept_subject']",concept name,0.8,"[5, 1, 1, 1, 1]",[100],3,3,139,0.5,0.02112676056338,0.04054054054054,0.009493670886075,0.09036144578313253
"['header', 'concept_name', 'concept_definition', 'concept_subject']",concept name,0.8,"[5, 1, 1, 1, 1]",[120],3,0,139,1.0,0.02112676056338,0.041379310344827,0.009493670886075,0.09740259740259741
"['header', 'concept_name', 'concept_definition', 'concept_subject']",concept name,0.8,"[6, 1, 1, 1, 1]",[40],3,6,139,0.33333333333333304,0.02112676056338,0.039735099337748006,0.009493670886075,0.08426966292134831
"['header', 'concept_name', 'concept_definition', 'concept_subject']",concept name,0.8,"[6, 1, 1, 1, 1]",[60],3,8,139,0.27272727272727204,0.02112676056338,0.039215686274509005,0.009493670886075,0.08064516129032258
"['header', 'concept_name', 'concept_definition', 'concept_subject']",concept name,0.8,"[6, 1, 1, 1, 1]",[80],3,7,139,0.30000000000000004,0.02112676056338,0.039473684210526,0.009493670886075,0.08241758241758242
"['header', 'concept_name', 'concept_definition', 'concept_subject']",concept name,0.8,"[6, 1, 1, 1, 1]",[120],3,2,139,0.6000000000000001,0.02112676056338,0.040816326530612006,0.009493670886075,0.09259259259259259
"['header', 'concept_name', 'concept_definition', 'concept_subject']",concept name,0.8,"[6, 1, 1, 1, 1]",[100],3,5,139,0.375,0.02112676056338,0.04,0.009493670886075,0.08620689655172414
"['header', 'concept_name', 'concept_definition', 'concept_subject']",concept subject,0.2,"[1, 1, 1, 1, 1]",[40],45,131,97,0.255681818181818,0.316901408450704,0.283018867924528,0.164233576642335,0.26595744680851063
"['header', 'concept_name', 'concept_definition', 'concept_subject']",concept subject,0.2,"[1, 1, 1, 1, 1]",[60],50,125,92,0.28571428571428503,0.352112676056338,0.315457413249211,0.18587360594795502,0.29691211401425177
"['header', 'concept_name', 'concept_definition', 'concept_subject']",concept subject,0.2,"[1, 1, 1, 1, 1]",[100],53,122,89,0.30285714285714205,0.37323943661971803,0.334384858044164,0.199248120300751,0.3147268408551069
"['header', 'concept_name', 'concept_definition', 'concept_subject']",concept subject,0.2,"[1, 1, 1, 1, 1]",[120],53,122,89,0.30285714285714205,0.37323943661971803,0.334384858044164,0.199248120300751,0.3147268408551069
"['header', 'concept_name', 'concept_definition', 'concept_subject']",concept subject,0.2,"[1, 1, 1, 1, 1]",[80],52,123,90,0.29714285714285704,0.366197183098591,0.32807570977917905,0.19475655430711603,0.3087885985748218
"['header', 'concept_name', 'concept_definition', 'concept_subject']",concept subject,0.2,"[2, 1, 1, 1, 1]",[80],38,137,104,0.21714285714285703,0.26760563380281605,0.23974763406940003,0.13523131672597802,0.22565320665083136
"['header', 'concept_name', 'concept_definition', 'concept_subject']",concept subject,0.2,"[2, 1, 1, 1, 1]",[40],32,144,110,0.18181818181818102,0.225352112676056,0.20125786163522003,0.111498257839721,0.18912529550827423
"['header', 'concept_name', 'concept_definition', 'concept_subject']",concept subject,0.2,"[2, 1, 1, 1, 1]",[60],34,141,108,0.194285714285714,0.239436619718309,0.21451104100946303,0.11929824561403501,0.20190023752969122
"['header', 'concept_name', 'concept_definition', 'concept_subject']",concept subject,0.2,"[2, 1, 1, 1, 1]",[100],41,134,101,0.23428571428571401,0.288732394366197,0.25867507886435304,0.147482014388489,0.24346793349168647
"['header', 'concept_name', 'concept_definition', 'concept_subject']",concept subject,0.2,"[2, 1, 1, 1, 1]",[120],44,131,98,0.251428571428571,0.309859154929577,0.27760252365930604,0.16,0.26128266033254155
"['header', 'concept_name', 'concept_definition', 'concept_subject']",concept subject,0.2,"[3, 1, 1, 1, 1]",[40],31,144,111,0.17714285714285702,0.218309859154929,0.19558359621451102,0.107638888888888,0.1840855106888361
"['header', 'concept_name', 'concept_definition', 'concept_subject']",concept subject,0.2,"[3, 1, 1, 1, 1]",[80],36,136,106,0.20930232558139503,0.25352112676056304,0.229299363057324,0.127208480565371,0.21686746987951808
"['header', 'concept_name', 'concept_definition', 'concept_subject']",concept subject,0.2,"[3, 1, 1, 1, 1]",[60],31,142,111,0.179190751445086,0.218309859154929,0.19682539682539602,0.107638888888888,0.18585131894484413
"['header', 'concept_name', 'concept_definition', 'concept_subject']",concept subject,0.2,"[3, 1, 1, 1, 1]",[120],43,129,99,0.25,0.30281690140845,0.273885350318471,0.155797101449275,0.25903614457831325
"['header', 'concept_name', 'concept_definition', 'concept_subject']",concept subject,0.2,"[4, 1, 1, 1, 1]",[40],30,143,112,0.173410404624277,0.211267605633802,0.19047619047619002,0.10380622837370201,0.17985611510791366
"['header', 'concept_name', 'concept_definition', 'concept_subject']",concept subject,0.2,"[3, 1, 1, 1, 1]",[100],40,132,102,0.23255813953488302,0.28169014084507005,0.25477707006369404,0.14336917562724,0.24096385542168675
"['header', 'concept_name', 'concept_definition', 'concept_subject']",concept subject,0.2,"[4, 1, 1, 1, 1]",[60],30,140,112,0.17647058823529402,0.211267605633802,0.192307692307692,0.10380622837370201,0.18248175182481752
"['header', 'concept_name', 'concept_definition', 'concept_subject']",concept subject,0.2,"[4, 1, 1, 1, 1]",[80],35,134,107,0.20710059171597603,0.246478873239436,0.22508038585209003,0.123239436619718,0.2139364303178484
"['header', 'concept_name', 'concept_definition', 'concept_subject']",concept subject,0.2,"[4, 1, 1, 1, 1]",[100],39,130,103,0.23076923076923,0.274647887323943,0.25080385852090004,0.139285714285714,0.23838630806845965
"['header', 'concept_name', 'concept_definition', 'concept_subject']",concept subject,0.2,"[4, 1, 1, 1, 1]",[120],42,127,100,0.248520710059171,0.29577464788732305,0.270096463022508,0.151624548736462,0.2567237163814181
"['header', 'concept_name', 'concept_definition', 'concept_subject']",concept subject,0.2,"[5, 1, 1, 1, 1]",[60],29,135,113,0.176829268292682,0.204225352112676,0.18954248366013002,0.1,0.18170426065162906
"['header', 'concept_name', 'concept_definition', 'concept_subject']",concept subject,0.2,"[5, 1, 1, 1, 1]",[40],29,139,113,0.172619047619047,0.204225352112676,0.187096774193548,0.1,0.17813267813267813
"['header', 'concept_name', 'concept_definition', 'concept_subject']",concept subject,0.2,"[5, 1, 1, 1, 1]",[80],34,126,108,0.21250000000000002,0.239436619718309,0.22516556291390702,0.11929824561403501,0.21739130434782608
"['header', 'concept_name', 'concept_definition', 'concept_subject']",concept subject,0.2,"[5, 1, 1, 1, 1]",[100],38,120,104,0.24050632911392403,0.26760563380281605,0.253333333333333,0.13523131672597802,0.2454780361757106
"['header', 'concept_name', 'concept_definition', 'concept_subject']",concept subject,0.2,"[5, 1, 1, 1, 1]",[120],41,117,101,0.259493670886075,0.288732394366197,0.27333333333333304,0.147482014388489,0.2648578811369509
"['header', 'concept_name', 'concept_definition', 'concept_subject']",concept subject,0.2,"[6, 1, 1, 1, 1]",[40],28,137,114,0.169696969696969,0.197183098591549,0.182410423452768,0.096219931271477,0.1745635910224439
"['header', 'concept_name', 'concept_definition', 'concept_subject']",concept subject,0.2,"[6, 1, 1, 1, 1]",[80],30,122,112,0.19736842105263103,0.211267605633802,0.204081632653061,0.10380622837370201,0.2
"['header', 'concept_name', 'concept_definition', 'concept_subject']",concept subject,0.2,"[6, 1, 1, 1, 1]",[120],37,113,105,0.246666666666666,0.26056338028169,0.25342465753424603,0.13120567375886502,0.24932614555256064
"['header', 'concept_name', 'concept_definition', 'concept_subject']",concept subject,0.2,"[6, 1, 1, 1, 1]",[60],26,132,116,0.164556962025316,0.183098591549295,0.173333333333333,0.08873720136518701,0.16795865633074936
"['header', 'concept_name', 'concept_definition', 'concept_subject']",concept subject,0.2,"[6, 1, 1, 1, 1]",[100],34,116,108,0.22666666666666602,0.239436619718309,0.23287671232876703,0.11929824561403501,0.22911051212938005
"['header', 'concept_name', 'concept_definition', 'concept_subject']",concept subject,0.4,"[1, 1, 1, 1, 1]",[40],40,64,102,0.384615384615384,0.28169014084507005,0.32520325203252004,0.14336917562724,0.35842293906810035
"['header', 'concept_name', 'concept_definition', 'concept_subject']",concept subject,0.4,"[1, 1, 1, 1, 1]",[60],41,58,101,0.41414141414141403,0.288732394366197,0.340248962655601,0.147482014388489,0.38104089219330856
"['header', 'concept_name', 'concept_definition', 'concept_subject']",concept subject,0.4,"[1, 1, 1, 1, 1]",[80],43,52,99,0.45263157894736805,0.30281690140845,0.362869198312236,0.155797101449275,0.4118773946360153
"['header', 'concept_name', 'concept_definition', 'concept_subject']",concept subject,0.4,"[1, 1, 1, 1, 1]",[100],44,51,98,0.46315789473684205,0.309859154929577,0.37130801687763704,0.16,0.421455938697318
"['header', 'concept_name', 'concept_definition', 'concept_subject']",concept subject,0.4,"[2, 1, 1, 1, 1]",[60],21,92,121,0.185840707964601,0.147887323943661,0.164705882352941,0.070469798657718,0.17676767676767677
"['header', 'concept_name', 'concept_definition', 'concept_subject']",concept subject,0.4,"[2, 1, 1, 1, 1]",[40],24,100,118,0.19354838709677402,0.169014084507042,0.180451127819548,0.081355932203389,0.18808777429467086
"['header', 'concept_name', 'concept_definition', 'concept_subject']",concept subject,0.4,"[1, 1, 1, 1, 1]",[120],44,51,98,0.46315789473684205,0.309859154929577,0.37130801687763704,0.16,0.421455938697318
"['header', 'concept_name', 'concept_definition', 'concept_subject']",concept subject,0.4,"[2, 1, 1, 1, 1]",[80],22,81,120,0.213592233009708,0.154929577464788,0.179591836734693,0.074074074074074,0.19855595667870035
"['header', 'concept_name', 'concept_definition', 'concept_subject']",concept subject,0.4,"[2, 1, 1, 1, 1]",[100],25,75,117,0.25,0.176056338028169,0.20661157024793303,0.08503401360544201,0.23062730627306274
"['header', 'concept_name', 'concept_definition', 'concept_subject']",concept subject,0.4,"[2, 1, 1, 1, 1]",[120],27,71,115,0.275510204081632,0.190140845070422,0.224999999999999,0.092465753424657,0.25280898876404495
"['header', 'concept_name', 'concept_definition', 'concept_subject']",concept subject,0.4,"[3, 1, 1, 1, 1]",[40],18,127,124,0.12413793103448201,0.12676056338028102,0.12543554006968602,0.059800664451827,0.12465373961218837
"['header', 'concept_name', 'concept_definition', 'concept_subject']",concept subject,0.4,"[3, 1, 1, 1, 1]",[100],15,96,127,0.135135135135135,0.105633802816901,0.118577075098814,0.04934210526315701,0.12798634812286688
"['header', 'concept_name', 'concept_definition', 'concept_subject']",concept subject,0.4,"[3, 1, 1, 1, 1]",[60],14,118,128,0.10606060606060601,0.098591549295774,0.102189781021897,0.045901639344262,0.1044776119402985
"['header', 'concept_name', 'concept_definition', 'concept_subject']",concept subject,0.4,"[3, 1, 1, 1, 1]",[80],15,106,127,0.12396694214876001,0.105633802816901,0.11406844106463801,0.04934210526315701,0.11980830670926518
"['header', 'concept_name', 'concept_definition', 'concept_subject']",concept subject,0.4,"[3, 1, 1, 1, 1]",[120],15,92,127,0.14018691588785,0.105633802816901,0.12048192771084301,0.04934210526315701,0.13157894736842105
"['header', 'concept_name', 'concept_definition', 'concept_subject']",concept subject,0.4,"[4, 1, 1, 1, 1]",[40],14,126,128,0.1,0.098591549295774,0.099290780141843,0.045901639344262,0.09971509971509972
"['header', 'concept_name', 'concept_definition', 'concept_subject']",concept subject,0.4,"[4, 1, 1, 1, 1]",[60],10,117,132,0.078740157480314,0.07042253521126701,0.074349442379182,0.032362459546925,0.07692307692307693
"['header', 'concept_name', 'concept_definition', 'concept_subject']",concept subject,0.4,"[4, 1, 1, 1, 1]",[80],11,104,131,0.09565217391304301,0.077464788732394,0.08560311284046601,0.035714285714285005,0.09136212624584718
"['header', 'concept_name', 'concept_definition', 'concept_subject']",concept subject,0.4,"[4, 1, 1, 1, 1]",[100],11,94,131,0.10476190476190402,0.077464788732394,0.089068825910931,0.035714285714285005,0.09786476868327403
"['header', 'concept_name', 'concept_definition', 'concept_subject']",concept subject,0.4,"[4, 1, 1, 1, 1]",[120],11,90,131,0.10891089108910801,0.077464788732394,0.09053497942386801,0.035714285714285005,0.10073260073260074
"['header', 'concept_name', 'concept_definition', 'concept_subject']",concept subject,0.4,"[5, 1, 1, 1, 1]",[40],12,125,130,0.08759124087591201,0.084507042253521,0.08602150537634401,0.039087947882736,0.08695652173913043
"['header', 'concept_name', 'concept_definition', 'concept_subject']",concept subject,0.4,"[5, 1, 1, 1, 1]",[60],9,117,133,0.07142857142857101,0.06338028169014001,0.067164179104477,0.029032258064516002,0.0696594427244582
"['header', 'concept_name', 'concept_definition', 'concept_subject']",concept subject,0.4,"[5, 1, 1, 1, 1]",[80],9,104,133,0.079646017699115,0.06338028169014001,0.07058823529411701,0.029032258064516002,0.07575757575757576
"['header', 'concept_name', 'concept_definition', 'concept_subject']",concept subject,0.4,"[5, 1, 1, 1, 1]",[100],9,93,133,0.08823529411764701,0.06338028169014001,0.07377049180327801,0.029032258064516002,0.08181818181818182
"['header', 'concept_name', 'concept_definition', 'concept_subject']",concept subject,0.4,"[5, 1, 1, 1, 1]",[120],8,89,134,0.082474226804123,0.056338028169014,0.06694560669456001,0.02572347266881,0.07547169811320754
"['header', 'concept_name', 'concept_definition', 'concept_subject']",concept subject,0.4,"[6, 1, 1, 1, 1]",[40],12,125,130,0.08759124087591201,0.084507042253521,0.08602150537634401,0.039087947882736,0.08695652173913043
"['header', 'concept_name', 'concept_definition', 'concept_subject']",concept subject,0.4,"[6, 1, 1, 1, 1]",[60],9,117,133,0.07142857142857101,0.06338028169014001,0.067164179104477,0.029032258064516002,0.0696594427244582
"['header', 'concept_name', 'concept_definition', 'concept_subject']",concept subject,0.4,"[6, 1, 1, 1, 1]",[100],9,93,133,0.08823529411764701,0.06338028169014001,0.07377049180327801,0.029032258064516002,0.08181818181818182
"['header', 'concept_name', 'concept_definition', 'concept_subject']",concept subject,0.4,"[6, 1, 1, 1, 1]",[80],9,104,133,0.079646017699115,0.06338028169014001,0.07058823529411701,0.029032258064516002,0.07575757575757576
"['header', 'concept_name', 'concept_definition', 'concept_subject']",concept subject,0.4,"[6, 1, 1, 1, 1]",[120],8,89,134,0.082474226804123,0.056338028169014,0.06694560669456001,0.02572347266881,0.07547169811320754
"['header', 'concept_name', 'concept_definition', 'concept_subject']",concept subject,0.6000000000000001,"[1, 1, 1, 1, 1]",[40],12,10,130,0.5454545454545451,0.084507042253521,0.146341463414634,0.039087947882736,0.2608695652173913
"['header', 'concept_name', 'concept_definition', 'concept_subject']",concept subject,0.6000000000000001,"[1, 1, 1, 1, 1]",[60],13,8,129,0.6190476190476191,0.091549295774647,0.159509202453987,0.042483660130718005,0.28761061946902655
"['header', 'concept_name', 'concept_definition', 'concept_subject']",concept subject,0.6000000000000001,"[1, 1, 1, 1, 1]",[80],13,9,129,0.59090909090909,0.091549295774647,0.15853658536585302,0.042483660130718005,0.2826086956521739
"['header', 'concept_name', 'concept_definition', 'concept_subject']",concept subject,0.6000000000000001,"[1, 1, 1, 1, 1]",[100],12,8,130,0.6000000000000001,0.084507042253521,0.148148148148148,0.039087947882736,0.2702702702702703
"['header', 'concept_name', 'concept_definition', 'concept_subject']",concept subject,0.6000000000000001,"[1, 1, 1, 1, 1]",[120],11,7,131,0.611111111111111,0.077464788732394,0.137499999999999,0.035714285714285005,0.2570093457943925
"['header', 'concept_name', 'concept_definition', 'concept_subject']",concept subject,0.6000000000000001,"[2, 1, 1, 1, 1]",[40],10,22,132,0.3125,0.07042253521126701,0.11494252873563202,0.032362459546925,0.18518518518518517
"['header', 'concept_name', 'concept_definition', 'concept_subject']",concept subject,0.6000000000000001,"[2, 1, 1, 1, 1]",[60],7,21,135,0.25,0.049295774647887,0.08235294117647,0.022435897435897002,0.1377952755905512
"['header', 'concept_name', 'concept_definition', 'concept_subject']",concept subject,0.6000000000000001,"[2, 1, 1, 1, 1]",[80],7,19,135,0.269230769230769,0.049295774647887,0.08333333333333301,0.022435897435897002,0.14227642276422764
"['header', 'concept_name', 'concept_definition', 'concept_subject']",concept subject,0.6000000000000001,"[2, 1, 1, 1, 1]",[100],7,17,135,0.291666666666666,0.049295774647887,0.08433734939759001,0.022435897435897002,0.14705882352941177
"['header', 'concept_name', 'concept_definition', 'concept_subject']",concept subject,0.6000000000000001,"[2, 1, 1, 1, 1]",[120],6,15,136,0.28571428571428503,0.04225352112676,0.07361963190184001,0.019169329073482,0.13274336283185842
"['header', 'concept_name', 'concept_definition', 'concept_subject']",concept subject,0.6000000000000001,"[3, 1, 1, 1, 1]",[40],12,39,130,0.23529411764705802,0.084507042253521,0.124352331606217,0.039087947882736,0.17341040462427745
"['header', 'concept_name', 'concept_definition', 'concept_subject']",concept subject,0.6000000000000001,"[3, 1, 1, 1, 1]",[60],9,34,133,0.20930232558139503,0.06338028169014001,0.09729729729729701,0.029032258064516002,0.14331210191082802
"['header', 'concept_name', 'concept_definition', 'concept_subject']",concept subject,0.6000000000000001,"[3, 1, 1, 1, 1]",[80],9,29,133,0.23684210526315702,0.06338028169014001,0.1,0.029032258064516002,0.15306122448979592
"['header', 'concept_name', 'concept_definition', 'concept_subject']",concept subject,0.6000000000000001,"[3, 1, 1, 1, 1]",[120],8,24,134,0.25,0.056338028169014,0.09195402298850501,0.02572347266881,0.14814814814814814
"['header', 'concept_name', 'concept_definition', 'concept_subject']",concept subject,0.6000000000000001,"[3, 1, 1, 1, 1]",[100],9,27,133,0.25,0.06338028169014001,0.101123595505617,0.029032258064516002,0.15734265734265734
"['header', 'concept_name', 'concept_definition', 'concept_subject']",concept subject,0.6000000000000001,"[4, 1, 1, 1, 1]",[40],12,72,130,0.14285714285714202,0.084507042253521,0.106194690265486,0.039087947882736,0.12552301255230125
"['header', 'concept_name', 'concept_definition', 'concept_subject']",concept subject,0.6000000000000001,"[4, 1, 1, 1, 1]",[60],9,65,133,0.121621621621621,0.06338028169014001,0.08333333333333301,0.029032258064516002,0.10273972602739725
"['header', 'concept_name', 'concept_definition', 'concept_subject']",concept subject,0.6000000000000001,"[4, 1, 1, 1, 1]",[80],9,56,133,0.138461538461538,0.06338028169014001,0.08695652173913,0.029032258064516002,0.11194029850746269
"['header', 'concept_name', 'concept_definition', 'concept_subject']",concept subject,0.6000000000000001,"[4, 1, 1, 1, 1]",[100],9,48,133,0.157894736842105,0.06338028169014001,0.090452261306532,0.029032258064516002,0.12162162162162163
"['header', 'concept_name', 'concept_definition', 'concept_subject']",concept subject,0.6000000000000001,"[4, 1, 1, 1, 1]",[120],8,45,134,0.150943396226415,0.056338028169014,0.08205128205128201,0.02572347266881,0.11299435028248588
"['header', 'concept_name', 'concept_definition', 'concept_subject']",concept subject,0.6000000000000001,"[5, 1, 1, 1, 1]",[40],12,94,130,0.113207547169811,0.084507042253521,0.09677419354838701,0.039087947882736,0.10600706713780919
"['header', 'concept_name', 'concept_definition', 'concept_subject']",concept subject,0.6000000000000001,"[5, 1, 1, 1, 1]",[60],9,88,133,0.09278350515463901,0.06338028169014001,0.07531380753138,0.029032258064516002,0.08490566037735849
"['header', 'concept_name', 'concept_definition', 'concept_subject']",concept subject,0.6000000000000001,"[5, 1, 1, 1, 1]",[100],9,64,133,0.12328767123287601,0.06338028169014001,0.083720930232558,0.029032258064516002,0.10368663594470046
"['header', 'concept_name', 'concept_definition', 'concept_subject']",concept subject,0.6000000000000001,"[5, 1, 1, 1, 1]",[80],9,75,133,0.10714285714285701,0.06338028169014001,0.079646017699115,0.029032258064516002,0.09414225941422594
"['header', 'concept_name', 'concept_definition', 'concept_subject']",concept subject,0.6000000000000001,"[5, 1, 1, 1, 1]",[120],8,60,134,0.11764705882352901,0.056338028169014,0.076190476190476,0.02572347266881,0.0966183574879227
"['header', 'concept_name', 'concept_definition', 'concept_subject']",concept subject,0.6000000000000001,"[6, 1, 1, 1, 1]",[40],12,112,130,0.09677419354838701,0.084507042253521,0.090225563909774,0.039087947882736,0.09404388714733543
"['header', 'concept_name', 'concept_definition', 'concept_subject']",concept subject,0.6000000000000001,"[6, 1, 1, 1, 1]",[60],9,104,133,0.079646017699115,0.06338028169014001,0.07058823529411701,0.029032258064516002,0.07575757575757576
"['header', 'concept_name', 'concept_definition', 'concept_subject']",concept subject,0.6000000000000001,"[6, 1, 1, 1, 1]",[80],9,91,133,0.09,0.06338028169014001,0.074380165289256,0.029032258064516002,0.08302583025830258
"['header', 'concept_name', 'concept_definition', 'concept_subject']",concept subject,0.6000000000000001,"[6, 1, 1, 1, 1]",[100],9,80,133,0.101123595505617,0.06338028169014001,0.077922077922077,0.029032258064516002,0.09036144578313253
"['header', 'concept_name', 'concept_definition', 'concept_subject']",concept subject,0.6000000000000001,"[6, 1, 1, 1, 1]",[120],8,76,134,0.09523809523809501,0.056338028169014,0.07079646017699101,0.02572347266881,0.08368200836820083
"['header', 'concept_name', 'concept_definition', 'concept_subject']",concept subject,0.8,"[1, 1, 1, 1, 1]",[60],2,1,140,0.6666666666666661,0.014084507042253001,0.027586206896551002,0.0063091482649840006,0.06493506493506493
"['header', 'concept_name', 'concept_definition', 'concept_subject']",concept subject,0.8,"[1, 1, 1, 1, 1]",[40],2,1,140,0.6666666666666661,0.014084507042253001,0.027586206896551002,0.0063091482649840006,0.06493506493506493
"['header', 'concept_name', 'concept_definition', 'concept_subject']",concept subject,0.8,"[1, 1, 1, 1, 1]",[80],2,1,140,0.6666666666666661,0.014084507042253001,0.027586206896551002,0.0063091482649840006,0.06493506493506493
"['header', 'concept_name', 'concept_definition', 'concept_subject']",concept subject,0.8,"[1, 1, 1, 1, 1]",[100],2,1,140,0.6666666666666661,0.014084507042253001,0.027586206896551002,0.0063091482649840006,0.06493506493506493
"['header', 'concept_name', 'concept_definition', 'concept_subject']",concept subject,0.8,"[1, 1, 1, 1, 1]",[120],2,1,140,0.6666666666666661,0.014084507042253001,0.027586206896551002,0.0063091482649840006,0.06493506493506493
"['header', 'concept_name', 'concept_definition', 'concept_subject']",concept subject,0.8,"[2, 1, 1, 1, 1]",[40],2,1,140,0.6666666666666661,0.014084507042253001,0.027586206896551002,0.0063091482649840006,0.06493506493506493
"['header', 'concept_name', 'concept_definition', 'concept_subject']",concept subject,0.8,"[2, 1, 1, 1, 1]",[60],2,1,140,0.6666666666666661,0.014084507042253001,0.027586206896551002,0.0063091482649840006,0.06493506493506493
"['header', 'concept_name', 'concept_definition', 'concept_subject']",concept subject,0.8,"[2, 1, 1, 1, 1]",[80],2,1,140,0.6666666666666661,0.014084507042253001,0.027586206896551002,0.0063091482649840006,0.06493506493506493
"['header', 'concept_name', 'concept_definition', 'concept_subject']",concept subject,0.8,"[2, 1, 1, 1, 1]",[120],2,1,140,0.6666666666666661,0.014084507042253001,0.027586206896551002,0.0063091482649840006,0.06493506493506493
"['header', 'concept_name', 'concept_definition', 'concept_subject']",concept subject,0.8,"[2, 1, 1, 1, 1]",[100],2,1,140,0.6666666666666661,0.014084507042253001,0.027586206896551002,0.0063091482649840006,0.06493506493506493
"['header', 'concept_name', 'concept_definition', 'concept_subject']",concept subject,0.8,"[3, 1, 1, 1, 1]",[40],4,2,138,0.6666666666666661,0.028169014084507,0.054054054054054,0.012698412698412001,0.12048192771084337
"['header', 'concept_name', 'concept_definition', 'concept_subject']",concept subject,0.8,"[3, 1, 1, 1, 1]",[60],3,1,139,0.75,0.02112676056338,0.041095890410958,0.009493670886075,0.0949367088607595
"['header', 'concept_name', 'concept_definition', 'concept_subject']",concept subject,0.8,"[3, 1, 1, 1, 1]",[80],3,2,139,0.6000000000000001,0.02112676056338,0.040816326530612006,0.009493670886075,0.09259259259259259
"['header', 'concept_name', 'concept_definition', 'concept_subject']",concept subject,0.8,"[3, 1, 1, 1, 1]",[100],3,1,139,0.75,0.02112676056338,0.041095890410958,0.009493670886075,0.0949367088607595
"['header', 'concept_name', 'concept_definition', 'concept_subject']",concept subject,0.8,"[3, 1, 1, 1, 1]",[120],2,1,140,0.6666666666666661,0.014084507042253001,0.027586206896551002,0.0063091482649840006,0.06493506493506493
"['header', 'concept_name', 'concept_definition', 'concept_subject']",concept subject,0.8,"[4, 1, 1, 1, 1]",[40],5,2,137,0.7142857142857141,0.035211267605633,0.067114093959731,0.01592356687898,0.14705882352941177
"['header', 'concept_name', 'concept_definition', 'concept_subject']",concept subject,0.8,"[4, 1, 1, 1, 1]",[60],4,1,138,0.8,0.028169014084507,0.054421768707482006,0.012698412698412001,0.12345679012345678
"['header', 'concept_name', 'concept_definition', 'concept_subject']",concept subject,0.8,"[4, 1, 1, 1, 1]",[80],4,2,138,0.6666666666666661,0.028169014084507,0.054054054054054,0.012698412698412001,0.12048192771084337
"['header', 'concept_name', 'concept_definition', 'concept_subject']",concept subject,0.8,"[4, 1, 1, 1, 1]",[100],4,1,138,0.8,0.028169014084507,0.054421768707482006,0.012698412698412001,0.12345679012345678
"['header', 'concept_name', 'concept_definition', 'concept_subject']",concept subject,0.8,"[4, 1, 1, 1, 1]",[120],3,1,139,0.75,0.02112676056338,0.041095890410958,0.009493670886075,0.0949367088607595
"['header', 'concept_name', 'concept_definition', 'concept_subject']",concept subject,0.8,"[5, 1, 1, 1, 1]",[40],6,4,136,0.6000000000000001,0.04225352112676,0.078947368421052,0.019169329073482,0.16483516483516483
"['header', 'concept_name', 'concept_definition', 'concept_subject']",concept subject,0.8,"[5, 1, 1, 1, 1]",[60],5,4,137,0.555555555555555,0.035211267605633,0.06622516556291301,0.01592356687898,0.1404494382022472
"['header', 'concept_name', 'concept_definition', 'concept_subject']",concept subject,0.8,"[5, 1, 1, 1, 1]",[80],5,4,137,0.555555555555555,0.035211267605633,0.06622516556291301,0.01592356687898,0.1404494382022472
"['header', 'concept_name', 'concept_definition', 'concept_subject']",concept subject,0.8,"[5, 1, 1, 1, 1]",[100],5,3,137,0.625,0.035211267605633,0.066666666666666,0.01592356687898,0.14367816091954022
"['header', 'concept_name', 'concept_definition', 'concept_subject']",concept subject,0.8,"[5, 1, 1, 1, 1]",[120],4,3,138,0.5714285714285711,0.028169014084507,0.053691275167785005,0.012698412698412001,0.11764705882352941
"['header', 'concept_name', 'concept_definition', 'concept_subject']",concept subject,0.8,"[6, 1, 1, 1, 1]",[40],6,9,136,0.4,0.04225352112676,0.076433121019108,0.019169329073482,0.1485148514851485
"['header', 'concept_name', 'concept_definition', 'concept_subject']",concept subject,0.8,"[6, 1, 1, 1, 1]",[60],5,9,137,0.35714285714285704,0.035211267605633,0.064102564102564,0.01592356687898,0.12626262626262627
"['header', 'concept_name', 'concept_definition', 'concept_subject']",concept subject,0.8,"[6, 1, 1, 1, 1]",[80],5,10,137,0.33333333333333304,0.035211267605633,0.06369426751592301,0.01592356687898,0.12376237623762376
"['header', 'concept_name', 'concept_definition', 'concept_subject']",concept subject,0.8,"[6, 1, 1, 1, 1]",[100],5,8,137,0.384615384615384,0.035211267605633,0.06451612903225801,0.01592356687898,0.12886597938144329
"['header', 'concept_name', 'concept_definition', 'concept_subject']",concept subject,0.8,"[6, 1, 1, 1, 1]",[120],4,6,138,0.4,0.028169014084507,0.052631578947368,0.012698412698412001,0.10989010989010989
"['header', 'concept_name', 'concept_definition', 'concept_subject']",concept name+subject,0.2,"[1, 3, 1, 1, 1, 1]","[60, 100]",33,137,109,0.194117647058823,0.232394366197183,0.211538461538461,0.115384615384615,0.20072992700729927
"['header', 'concept_name', 'concept_definition', 'concept_subject']",concept name+subject,0.2,"[1, 3, 1, 1, 1, 1]","[100, 80]",32,138,110,0.18823529411764703,0.225352112676056,0.205128205128205,0.111498257839721,0.19464720194647203
"['header', 'concept_name', 'concept_definition', 'concept_subject']",concept name+subject,0.2,"[1, 3, 1, 1, 1, 1]","[60, 80]",29,141,113,0.170588235294117,0.204225352112676,0.18589743589743501,0.1,0.17639902676399027
"['header', 'concept_name', 'concept_definition', 'concept_subject']",concept name+subject,0.2,"[1, 3, 1, 1, 1, 1]","[100, 60]",27,144,115,0.157894736842105,0.190140845070422,0.172523961661341,0.092465753424657,0.16343825665859565
"['header', 'concept_name', 'concept_definition', 'concept_subject']",concept name+subject,0.2,"[1, 3, 1, 1, 1, 1]","[80, 60]",26,145,116,0.15204678362573001,0.183098591549295,0.166134185303514,0.08873720136518701,0.15738498789346247
"['header', 'concept_name', 'concept_definition', 'concept_subject']",concept name+subject,0.2,"[1, 3, 1, 1, 1, 1]","[80, 100]",34,136,108,0.2,0.239436619718309,0.217948717948717,0.11929824561403501,0.20681265206812652
"['header', 'concept_name', 'concept_definition', 'concept_subject']",concept name+subject,0.2,"[1, 5, 1, 1, 1, 1]","[60, 100]",29,123,113,0.19078947368421,0.204225352112676,0.19727891156462501,0.1,0.19333333333333333
"['header', 'concept_name', 'concept_definition', 'concept_subject']",concept name+subject,0.2,"[1, 5, 1, 1, 1, 1]","[60, 80]",25,129,117,0.162337662337662,0.176056338028169,0.16891891891891803,0.08503401360544201,0.16490765171503957
"['header', 'concept_name', 'concept_definition', 'concept_subject']",concept name+subject,0.2,"[1, 5, 1, 1, 1, 1]","[100, 80]",27,125,115,0.177631578947368,0.190140845070422,0.183673469387755,0.092465753424657,0.18
"['header', 'concept_name', 'concept_definition', 'concept_subject']",concept name+subject,0.2,"[1, 5, 1, 1, 1, 1]","[100, 60]",23,135,119,0.145569620253164,0.161971830985915,0.15333333333333302,0.077702702702702,0.14857881136950904
"['header', 'concept_name', 'concept_definition', 'concept_subject']",concept name+subject,0.2,"[1, 5, 1, 1, 1, 1]","[80, 60]",22,136,120,0.139240506329113,0.154929577464788,0.146666666666666,0.074074074074074,0.1421188630490956
"['header', 'concept_name', 'concept_definition', 'concept_subject']",concept name+subject,0.2,"[1, 5, 1, 1, 1, 1]","[80, 100]",29,121,113,0.19333333333333302,0.204225352112676,0.19863013698630103,0.1,0.1954177897574124
"['header', 'concept_name', 'concept_definition', 'concept_subject']",concept name+subject,0.2,"[1, 7, 1, 1, 1, 1]","[60, 100]",21,112,121,0.157894736842105,0.147887323943661,0.15272727272727202,0.070469798657718,0.15578635014836795
"['header', 'concept_name', 'concept_definition', 'concept_subject']",concept name+subject,0.2,"[1, 7, 1, 1, 1, 1]","[60, 80]",17,119,125,0.125,0.119718309859154,0.122302158273381,0.056291390728476005,0.1239067055393586
"['header', 'concept_name', 'concept_definition', 'concept_subject']",concept name+subject,0.2,"[1, 7, 1, 1, 1, 1]","[100, 80]",18,115,124,0.135338345864661,0.12676056338028102,0.13090909090909,0.059800664451827,0.13353115727002968
"['header', 'concept_name', 'concept_definition', 'concept_subject']",concept name+subject,0.2,"[1, 7, 1, 1, 1, 1]","[100, 60]",16,127,126,0.11188811188811101,0.112676056338028,0.11228070175438501,0.052805280528052,0.11204481792717087
"['header', 'concept_name', 'concept_definition', 'concept_subject']",concept name+subject,0.2,"[1, 7, 1, 1, 1, 1]","[80, 60]",15,128,127,0.10489510489510401,0.105633802816901,0.105263157894736,0.04934210526315701,0.10504201680672269
"['header', 'concept_name', 'concept_definition', 'concept_subject']",concept name+subject,0.2,"[1, 7, 1, 1, 1, 1]","[80, 100]",21,112,121,0.157894736842105,0.147887323943661,0.15272727272727202,0.070469798657718,0.15578635014836795
"['header', 'concept_name', 'concept_definition', 'concept_subject']",concept name+subject,0.2,"[3, 5, 1, 1, 1, 1]","[60, 100]",15,137,127,0.09868421052631501,0.105633802816901,0.10204081632653,0.04934210526315701,0.1
"['header', 'concept_name', 'concept_definition', 'concept_subject']",concept name+subject,0.2,"[3, 5, 1, 1, 1, 1]","[60, 80]",13,142,129,0.083870967741935,0.091549295774647,0.087542087542087,0.042483660130718005,0.08530183727034121
"['header', 'concept_name', 'concept_definition', 'concept_subject']",concept name+subject,0.2,"[3, 5, 1, 1, 1, 1]","[100, 80]",16,127,126,0.11188811188811101,0.112676056338028,0.11228070175438501,0.052805280528052,0.11204481792717087
"['header', 'concept_name', 'concept_definition', 'concept_subject']",concept name+subject,0.2,"[3, 5, 1, 1, 1, 1]","[100, 60]",14,135,128,0.09395973154362401,0.098591549295774,0.096219931271477,0.045901639344262,0.0948509485094851
"['header', 'concept_name', 'concept_definition', 'concept_subject']",concept name+subject,0.2,"[3, 5, 1, 1, 1, 1]","[80, 60]",13,140,129,0.08496732026143701,0.091549295774647,0.08813559322033801,0.042483660130718005,0.08620689655172414
"['header', 'concept_name', 'concept_definition', 'concept_subject']",concept name+subject,0.2,"[3, 5, 1, 1, 1, 1]","[80, 100]",17,129,125,0.11643835616438301,0.119718309859154,0.11805555555555501,0.056291390728476005,0.11707988980716254
"['header', 'concept_name', 'concept_definition', 'concept_subject']",concept name+subject,0.4,"[1, 3, 1, 1, 1, 1]","[60, 80]",10,103,132,0.08849557522123801,0.07042253521126701,0.07843137254901901,0.032362459546925,0.08417508417508418
"['header', 'concept_name', 'concept_definition', 'concept_subject']",concept name+subject,0.4,"[1, 3, 1, 1, 1, 1]","[60, 100]",10,93,132,0.097087378640776,0.07042253521126701,0.08163265306122401,0.032362459546925,0.09025270758122744
"['header', 'concept_name', 'concept_definition', 'concept_subject']",concept name+subject,0.4,"[1, 3, 1, 1, 1, 1]","[100, 80]",10,103,132,0.08849557522123801,0.07042253521126701,0.07843137254901901,0.032362459546925,0.08417508417508418
"['header', 'concept_name', 'concept_definition', 'concept_subject']",concept name+subject,0.4,"[1, 3, 1, 1, 1, 1]","[100, 60]",9,116,133,0.07200000000000001,0.06338028169014001,0.06741573033707801,0.029032258064516002,0.07009345794392523
"['header', 'concept_name', 'concept_definition', 'concept_subject']",concept name+subject,0.4,"[1, 3, 1, 1, 1, 1]","[80, 60]",9,116,133,0.07200000000000001,0.06338028169014001,0.06741573033707801,0.029032258064516002,0.07009345794392523
"['header', 'concept_name', 'concept_definition', 'concept_subject']",concept name+subject,0.4,"[1, 3, 1, 1, 1, 1]","[80, 100]",10,93,132,0.097087378640776,0.07042253521126701,0.08163265306122401,0.032362459546925,0.09025270758122744
"['header', 'concept_name', 'concept_definition', 'concept_subject']",concept name+subject,0.4,"[1, 5, 1, 1, 1, 1]","[60, 100]",8,95,134,0.077669902912621,0.056338028169014,0.065306122448979,0.02572347266881,0.07220216606498195
"['header', 'concept_name', 'concept_definition', 'concept_subject']",concept name+subject,0.4,"[1, 5, 1, 1, 1, 1]","[60, 80]",8,105,134,0.07079646017699101,0.056338028169014,0.062745098039215,0.02572347266881,0.06734006734006734
"['header', 'concept_name', 'concept_definition', 'concept_subject']",concept name+subject,0.4,"[1, 5, 1, 1, 1, 1]","[100, 80]",8,105,134,0.07079646017699101,0.056338028169014,0.062745098039215,0.02572347266881,0.06734006734006734
"['header', 'concept_name', 'concept_definition', 'concept_subject']",concept name+subject,0.4,"[1, 5, 1, 1, 1, 1]","[100, 60]",8,118,134,0.063492063492063,0.056338028169014,0.059701492537313,0.02572347266881,0.06191950464396285
"['header', 'concept_name', 'concept_definition', 'concept_subject']",concept name+subject,0.4,"[1, 5, 1, 1, 1, 1]","[80, 60]",8,118,134,0.063492063492063,0.056338028169014,0.059701492537313,0.02572347266881,0.06191950464396285
"['header', 'concept_name', 'concept_definition', 'concept_subject']",concept name+subject,0.4,"[1, 5, 1, 1, 1, 1]","[80, 100]",8,95,134,0.077669902912621,0.056338028169014,0.065306122448979,0.02572347266881,0.07220216606498195
"['header', 'concept_name', 'concept_definition', 'concept_subject']",concept name+subject,0.4,"[1, 7, 1, 1, 1, 1]","[60, 100]",8,94,134,0.07843137254901901,0.056338028169014,0.065573770491803,0.02572347266881,0.07272727272727272
"['header', 'concept_name', 'concept_definition', 'concept_subject']",concept name+subject,0.4,"[1, 7, 1, 1, 1, 1]","[60, 80]",8,105,134,0.07079646017699101,0.056338028169014,0.062745098039215,0.02572347266881,0.06734006734006734
"['header', 'concept_name', 'concept_definition', 'concept_subject']",concept name+subject,0.4,"[1, 7, 1, 1, 1, 1]","[100, 80]",8,105,134,0.07079646017699101,0.056338028169014,0.062745098039215,0.02572347266881,0.06734006734006734
"['header', 'concept_name', 'concept_definition', 'concept_subject']",concept name+subject,0.4,"[1, 7, 1, 1, 1, 1]","[100, 60]",8,118,134,0.063492063492063,0.056338028169014,0.059701492537313,0.02572347266881,0.06191950464396285
"['header', 'concept_name', 'concept_definition', 'concept_subject']",concept name+subject,0.4,"[1, 7, 1, 1, 1, 1]","[80, 60]",8,118,134,0.063492063492063,0.056338028169014,0.059701492537313,0.02572347266881,0.06191950464396285
"['header', 'concept_name', 'concept_definition', 'concept_subject']",concept name+subject,0.4,"[1, 7, 1, 1, 1, 1]","[80, 100]",8,94,134,0.07843137254901901,0.056338028169014,0.065573770491803,0.02572347266881,0.07272727272727272
"['header', 'concept_name', 'concept_definition', 'concept_subject']",concept name+subject,0.4,"[3, 5, 1, 1, 1, 1]","[60, 100]",7,100,135,0.065420560747663,0.049295774647887,0.056224899598393004,0.022435897435897002,0.06140350877192982
"['header', 'concept_name', 'concept_definition', 'concept_subject']",concept name+subject,0.4,"[3, 5, 1, 1, 1, 1]","[60, 80]",7,110,135,0.059829059829059006,0.049295774647887,0.054054054054054,0.022435897435897002,0.05737704918032787
"['header', 'concept_name', 'concept_definition', 'concept_subject']",concept name+subject,0.4,"[3, 5, 1, 1, 1, 1]","[100, 80]",7,107,135,0.061403508771929,0.049295774647887,0.054687499999999,0.022435897435897002,0.05852842809364549
"['header', 'concept_name', 'concept_definition', 'concept_subject']",concept name+subject,0.4,"[3, 5, 1, 1, 1, 1]","[100, 60]",7,120,135,0.05511811023622001,0.049295774647887,0.052044609665427004,0.022435897435897002,0.05384615384615385
"['header', 'concept_name', 'concept_definition', 'concept_subject']",concept name+subject,0.4,"[3, 5, 1, 1, 1, 1]","[80, 60]",7,121,135,0.0546875,0.049295774647887,0.051851851851851004,0.022435897435897002,0.053516819571865444
"['header', 'concept_name', 'concept_definition', 'concept_subject']",concept name+subject,0.4,"[3, 5, 1, 1, 1, 1]","[80, 100]",7,100,135,0.065420560747663,0.049295774647887,0.056224899598393004,0.022435897435897002,0.06140350877192982
"['header', 'concept_name', 'concept_definition', 'concept_subject']",concept name+subject,0.6000000000000001,"[1, 3, 1, 1, 1, 1]","[60, 100]",8,35,134,0.186046511627906,0.056338028169014,0.086486486486486,0.02572347266881,0.12738853503184713
"['header', 'concept_name', 'concept_definition', 'concept_subject']",concept name+subject,0.6000000000000001,"[1, 3, 1, 1, 1, 1]","[60, 80]",8,39,134,0.170212765957446,0.056338028169014,0.08465608465608401,0.02572347266881,0.12121212121212122
"['header', 'concept_name', 'concept_definition', 'concept_subject']",concept name+subject,0.6000000000000001,"[1, 3, 1, 1, 1, 1]","[100, 80]",8,39,134,0.170212765957446,0.056338028169014,0.08465608465608401,0.02572347266881,0.12121212121212122
"['header', 'concept_name', 'concept_definition', 'concept_subject']",concept name+subject,0.6000000000000001,"[1, 3, 1, 1, 1, 1]","[100, 60]",8,39,134,0.170212765957446,0.056338028169014,0.08465608465608401,0.02572347266881,0.12121212121212122
"['header', 'concept_name', 'concept_definition', 'concept_subject']",concept name+subject,0.6000000000000001,"[1, 3, 1, 1, 1, 1]","[80, 60]",8,39,134,0.170212765957446,0.056338028169014,0.08465608465608401,0.02572347266881,0.12121212121212122
"['header', 'concept_name', 'concept_definition', 'concept_subject']",concept name+subject,0.6000000000000001,"[1, 5, 1, 1, 1, 1]","[60, 100]",8,64,134,0.11111111111111101,0.056338028169014,0.07476635514018601,0.02572347266881,0.09302325581395349
"['header', 'concept_name', 'concept_definition', 'concept_subject']",concept name+subject,0.6000000000000001,"[1, 3, 1, 1, 1, 1]","[80, 100]",8,35,134,0.186046511627906,0.056338028169014,0.086486486486486,0.02572347266881,0.12738853503184713
"['header', 'concept_name', 'concept_definition', 'concept_subject']",concept name+subject,0.6000000000000001,"[1, 5, 1, 1, 1, 1]","[60, 80]",8,69,134,0.10389610389610301,0.056338028169014,0.073059360730593,0.02572347266881,0.08888888888888889
"['header', 'concept_name', 'concept_definition', 'concept_subject']",concept name+subject,0.6000000000000001,"[1, 5, 1, 1, 1, 1]","[100, 80]",8,69,134,0.10389610389610301,0.056338028169014,0.073059360730593,0.02572347266881,0.08888888888888889
"['header', 'concept_name', 'concept_definition', 'concept_subject']",concept name+subject,0.6000000000000001,"[1, 5, 1, 1, 1, 1]","[100, 60]",8,76,134,0.09523809523809501,0.056338028169014,0.07079646017699101,0.02572347266881,0.08368200836820083
"['header', 'concept_name', 'concept_definition', 'concept_subject']",concept name+subject,0.6000000000000001,"[1, 5, 1, 1, 1, 1]","[80, 60]",8,76,134,0.09523809523809501,0.056338028169014,0.07079646017699101,0.02572347266881,0.08368200836820083
"['header', 'concept_name', 'concept_definition', 'concept_subject']",concept name+subject,0.6000000000000001,"[1, 5, 1, 1, 1, 1]","[80, 100]",8,64,134,0.11111111111111101,0.056338028169014,0.07476635514018601,0.02572347266881,0.09302325581395349
"['header', 'concept_name', 'concept_definition', 'concept_subject']",concept name+subject,0.6000000000000001,"[1, 7, 1, 1, 1, 1]","[60, 100]",8,91,134,0.08080808080808001,0.056338028169014,0.066390041493775,0.02572347266881,0.07434944237918216
"['header', 'concept_name', 'concept_definition', 'concept_subject']",concept name+subject,0.6000000000000001,"[1, 7, 1, 1, 1, 1]","[100, 80]",8,102,134,0.072727272727272,0.056338028169014,0.063492063492063,0.02572347266881,0.06872852233676977
"['header', 'concept_name', 'concept_definition', 'concept_subject']",concept name+subject,0.6000000000000001,"[1, 7, 1, 1, 1, 1]","[60, 80]",8,102,134,0.072727272727272,0.056338028169014,0.063492063492063,0.02572347266881,0.06872852233676977
"['header', 'concept_name', 'concept_definition', 'concept_subject']",concept name+subject,0.6000000000000001,"[1, 7, 1, 1, 1, 1]","[100, 60]",8,115,134,0.065040650406504,0.056338028169014,0.060377358490566004,0.02572347266881,0.06309148264984227
"['header', 'concept_name', 'concept_definition', 'concept_subject']",concept name+subject,0.6000000000000001,"[1, 7, 1, 1, 1, 1]","[80, 60]",8,115,134,0.065040650406504,0.056338028169014,0.060377358490566004,0.02572347266881,0.06309148264984227
"['header', 'concept_name', 'concept_definition', 'concept_subject']",concept name+subject,0.6000000000000001,"[1, 7, 1, 1, 1, 1]","[80, 100]",8,91,134,0.08080808080808001,0.056338028169014,0.066390041493775,0.02572347266881,0.07434944237918216
"['header', 'concept_name', 'concept_definition', 'concept_subject']",concept name+subject,0.6000000000000001,"[3, 5, 1, 1, 1, 1]","[60, 100]",7,67,135,0.094594594594594,0.049295774647887,0.064814814814814,0.022435897435897002,0.07990867579908675
"['header', 'concept_name', 'concept_definition', 'concept_subject']",concept name+subject,0.6000000000000001,"[3, 5, 1, 1, 1, 1]","[60, 80]",7,69,135,0.09210526315789401,0.049295774647887,0.06422018348623801,0.022435897435897002,0.07847533632286996
"['header', 'concept_name', 'concept_definition', 'concept_subject']",concept name+subject,0.6000000000000001,"[3, 5, 1, 1, 1, 1]","[100, 80]",7,69,135,0.09210526315789401,0.049295774647887,0.06422018348623801,0.022435897435897002,0.07847533632286996
"['header', 'concept_name', 'concept_definition', 'concept_subject']",concept name+subject,0.6000000000000001,"[3, 5, 1, 1, 1, 1]","[100, 60]",7,69,135,0.09210526315789401,0.049295774647887,0.06422018348623801,0.022435897435897002,0.07847533632286996
"['header', 'concept_name', 'concept_definition', 'concept_subject']",concept name+subject,0.6000000000000001,"[3, 5, 1, 1, 1, 1]","[80, 60]",7,69,135,0.09210526315789401,0.049295774647887,0.06422018348623801,0.022435897435897002,0.07847533632286996
"['header', 'concept_name', 'concept_definition', 'concept_subject']",concept name+subject,0.6000000000000001,"[3, 5, 1, 1, 1, 1]","[80, 100]",7,67,135,0.094594594594594,0.049295774647887,0.064814814814814,0.022435897435897002,0.07990867579908675
"['header', 'concept_name', 'concept_definition', 'concept_subject']",concept name+subject,0.8,"[1, 3, 1, 1, 1, 1]","[60, 100]",3,1,139,0.75,0.02112676056338,0.041095890410958,0.009493670886075,0.0949367088607595
"['header', 'concept_name', 'concept_definition', 'concept_subject']",concept name+subject,0.8,"[1, 3, 1, 1, 1, 1]","[60, 80]",3,1,139,0.75,0.02112676056338,0.041095890410958,0.009493670886075,0.0949367088607595
"['header', 'concept_name', 'concept_definition', 'concept_subject']",concept name+subject,0.8,"[1, 3, 1, 1, 1, 1]","[100, 80]",3,1,139,0.75,0.02112676056338,0.041095890410958,0.009493670886075,0.0949367088607595
"['header', 'concept_name', 'concept_definition', 'concept_subject']",concept name+subject,0.8,"[1, 3, 1, 1, 1, 1]","[100, 60]",3,1,139,0.75,0.02112676056338,0.041095890410958,0.009493670886075,0.0949367088607595
"['header', 'concept_name', 'concept_definition', 'concept_subject']",concept name+subject,0.8,"[1, 3, 1, 1, 1, 1]","[80, 60]",3,1,139,0.75,0.02112676056338,0.041095890410958,0.009493670886075,0.0949367088607595
"['header', 'concept_name', 'concept_definition', 'concept_subject']",concept name+subject,0.8,"[1, 3, 1, 1, 1, 1]","[80, 100]",3,1,139,0.75,0.02112676056338,0.041095890410958,0.009493670886075,0.0949367088607595
"['header', 'concept_name', 'concept_definition', 'concept_subject']",concept name+subject,0.8,"[1, 5, 1, 1, 1, 1]","[60, 100]",4,3,138,0.5714285714285711,0.028169014084507,0.053691275167785005,0.012698412698412001,0.11764705882352941
"['header', 'concept_name', 'concept_definition', 'concept_subject']",concept name+subject,0.8,"[1, 5, 1, 1, 1, 1]","[60, 80]",4,3,138,0.5714285714285711,0.028169014084507,0.053691275167785005,0.012698412698412001,0.11764705882352941
"['header', 'concept_name', 'concept_definition', 'concept_subject']",concept name+subject,0.8,"[1, 5, 1, 1, 1, 1]","[100, 80]",4,3,138,0.5714285714285711,0.028169014084507,0.053691275167785005,0.012698412698412001,0.11764705882352941
"['header', 'concept_name', 'concept_definition', 'concept_subject']",concept name+subject,0.8,"[1, 5, 1, 1, 1, 1]","[100, 60]",4,3,138,0.5714285714285711,0.028169014084507,0.053691275167785005,0.012698412698412001,0.11764705882352941
"['header', 'concept_name', 'concept_definition', 'concept_subject']",concept name+subject,0.8,"[1, 5, 1, 1, 1, 1]","[80, 60]",4,3,138,0.5714285714285711,0.028169014084507,0.053691275167785005,0.012698412698412001,0.11764705882352941
"['header', 'concept_name', 'concept_definition', 'concept_subject']",concept name+subject,0.8,"[1, 5, 1, 1, 1, 1]","[80, 100]",4,3,138,0.5714285714285711,0.028169014084507,0.053691275167785005,0.012698412698412001,0.11764705882352941
"['header', 'concept_name', 'concept_definition', 'concept_subject']",concept name+subject,0.8,"[1, 7, 1, 1, 1, 1]","[60, 100]",6,8,136,0.42857142857142805,0.04225352112676,0.07692307692307601,0.019169329073482,0.15151515151515152
"['header', 'concept_name', 'concept_definition', 'concept_subject']",concept name+subject,0.8,"[1, 7, 1, 1, 1, 1]","[60, 80]",6,9,136,0.4,0.04225352112676,0.076433121019108,0.019169329073482,0.1485148514851485
"['header', 'concept_name', 'concept_definition', 'concept_subject']",concept name+subject,0.8,"[1, 7, 1, 1, 1, 1]","[100, 80]",6,9,136,0.4,0.04225352112676,0.076433121019108,0.019169329073482,0.1485148514851485
"['header', 'concept_name', 'concept_definition', 'concept_subject']",concept name+subject,0.8,"[1, 7, 1, 1, 1, 1]","[100, 60]",6,8,136,0.42857142857142805,0.04225352112676,0.07692307692307601,0.019169329073482,0.15151515151515152
"['header', 'concept_name', 'concept_definition', 'concept_subject']",concept name+subject,0.8,"[1, 7, 1, 1, 1, 1]","[80, 60]",6,8,136,0.42857142857142805,0.04225352112676,0.07692307692307601,0.019169329073482,0.15151515151515152
"['header', 'concept_name', 'concept_definition', 'concept_subject']",concept name+subject,0.8,"[1, 7, 1, 1, 1, 1]","[80, 100]",6,8,136,0.42857142857142805,0.04225352112676,0.07692307692307601,0.019169329073482,0.15151515151515152
"['header', 'concept_name', 'concept_definition', 'concept_subject']",concept name+subject,0.8,"[3, 5, 1, 1, 1, 1]","[60, 100]",4,8,138,0.33333333333333304,0.028169014084507,0.051948051948051,0.012698412698412001,0.10526315789473684
"['header', 'concept_name', 'concept_definition', 'concept_subject']",concept name+subject,0.8,"[3, 5, 1, 1, 1, 1]","[60, 80]",4,8,138,0.33333333333333304,0.028169014084507,0.051948051948051,0.012698412698412001,0.10526315789473684
"['header', 'concept_name', 'concept_definition', 'concept_subject']",concept name+subject,0.8,"[3, 5, 1, 1, 1, 1]","[100, 80]",4,8,138,0.33333333333333304,0.028169014084507,0.051948051948051,0.012698412698412001,0.10526315789473684
"['header', 'concept_name', 'concept_definition', 'concept_subject']",concept name+subject,0.8,"[3, 5, 1, 1, 1, 1]","[100, 60]",4,8,138,0.33333333333333304,0.028169014084507,0.051948051948051,0.012698412698412001,0.10526315789473684
"['header', 'concept_name', 'concept_definition', 'concept_subject']",concept name+subject,0.8,"[3, 5, 1, 1, 1, 1]","[80, 60]",4,8,138,0.33333333333333304,0.028169014084507,0.051948051948051,0.012698412698412001,0.10526315789473684
"['header', 'concept_name', 'concept_definition', 'concept_subject']",concept name+subject,0.8,"[3, 5, 1, 1, 1, 1]","[80, 100]",4,8,138,0.33333333333333304,0.028169014084507,0.051948051948051,0.012698412698412001,0.10526315789473684
